{"cameraMode":{"drawMode":0,"name":"Shaded","section":"Shading Mode"},"sceneLighting":false,"audioPlay":false,"sceneViewState":{"showFog":true,"showMaterialUpdate":false,"showSkybox":false,"showFlares":true,"showImageEffects":true,"showParticleSystems":true},"in2DMode":false,"pivot":{"x":6.804083824157715,"y":0.8001655340194702,"z":-5.25509786605835},"rotation":{"x":0.0821002647280693,"y":0.91779625415802,"z":-0.2673976719379425,"w":0.2817951738834381},"size":5.275413513183594,"orthographic":false}