{"cameraMode":{"drawMode":0,"name":"Shaded","section":"Shading Mode"},"sceneLighting":false,"audioPlay":false,"sceneViewState":{"showFog":true,"showMaterialUpdate":false,"showSkybox":false,"showFlares":true,"showImageEffects":true,"showParticleSystems":true},"in2DMode":false,"pivot":{"x":-0.004364341497421265,"y":0.13473594188690186,"z":-0.08816885948181153},"rotation":{"x":0.06871205568313599,"y":0.7074018120765686,"z":-0.0693967416882515,"w":0.7001219391822815},"size":2.8291175365448,"orthographic":false}