{"cameraMode":{"drawMode":0,"name":"Shaded","section":"Shading Mode"},"sceneLighting":false,"audioPlay":false,"sceneViewState":{"showFog":true,"showMaterialUpdate":false,"showSkybox":false,"showFlares":true,"showImageEffects":true,"showParticleSystems":true},"in2DMode":false,"pivot":{"x":2.3284969329833986,"y":-1.2507743835449219,"z":1.3694781064987183},"rotation":{"x":0.13975676894187928,"y":0.6297789812088013,"z":-0.11655484884977341,"w":0.7551620602607727},"size":8.915691375732422,"orthographic":false}