{"cameraMode":{"drawMode":0,"name":"Shaded","section":"Shading Mode"},"sceneLighting":false,"audioPlay":false,"sceneViewState":{"showFog":true,"showMaterialUpdate":false,"showSkybox":false,"showFlares":true,"showImageEffects":true,"showParticleSystems":true},"in2DMode":false,"pivot":{"x":0.17502324283123017,"y":0.24105611443519593,"z":-3.998854637145996},"rotation":{"x":0.12187851965427399,"y":-0.7283397912979126,"z":0.13434042036533357,"w":0.6607733368873596},"size":1.0778405666351319,"orthographic":false}