{"cameraMode":{"drawMode":0,"name":"Shaded","section":"Shading Mode"},"sceneLighting":false,"audioPlay":false,"sceneViewState":{"showFog":true,"showMaterialUpdate":false,"showSkybox":false,"showFlares":true,"showImageEffects":true,"showParticleSystems":true},"in2DMode":false,"pivot":{"x":5.147537708282471,"y":2.286156177520752,"z":-31.86589813232422},"rotation":{"x":-0.10018959641456604,"y":0.6170987486839294,"z":-0.080759696662426,"w":-0.7767434120178223},"size":0.9960691332817078,"orthographic":false}