{"cameraMode":{"drawMode":0,"name":"Shaded","section":"Shading Mode"},"sceneLighting":false,"audioPlay":false,"sceneViewState":{"showFog":true,"showMaterialUpdate":false,"showSkybox":true,"showFlares":true,"showImageEffects":true,"showParticleSystems":true},"in2DMode":false,"pivot":{"x":1.9900000095367432,"y":1.9350101947784424,"z":-34.40999984741211},"rotation":{"x":-0.16949208080768586,"y":0.4704984724521637,"z":-0.09269615262746811,"w":-0.8610370755195618},"size":6.016551971435547,"orthographic":false}