{"cameraMode":{"drawMode":0,"name":"Shaded","section":"Shading Mode"},"sceneLighting":false,"audioPlay":false,"sceneViewState":{"showFog":true,"showMaterialUpdate":false,"showSkybox":false,"showFlares":true,"showImageEffects":true,"showParticleSystems":true},"in2DMode":false,"pivot":{"x":0.5571427345275879,"y":0.9118769764900208,"z":0.09999960660934448},"rotation":{"x":0.3742641806602478,"y":-0.2980862259864807,"z":0.12842459976673127,"w":0.8686743974685669},"size":0.7136706709861755,"orthographic":false}