{"cameraMode":{"drawMode":0,"name":"Shaded","section":"Shading Mode"},"sceneLighting":false,"audioPlay":false,"sceneViewState":{"showFog":true,"showMaterialUpdate":false,"showSkybox":false,"showFlares":true,"showImageEffects":true,"showParticleSystems":true},"in2DMode":false,"pivot":{"x":4.76837158203125e-7,"y":0.7111534476280212,"z":-0.07733917236328125},"rotation":{"x":-0.13713763654232026,"y":0.7328199148178101,"z":0.1550474315881729,"w":0.6481790542602539},"size":9.340279579162598,"orthographic":false}