{"cameraMode":{"drawMode":0,"name":"Shaded","section":"Shading Mode"},"sceneLighting":false,"audioPlay":false,"sceneViewState":{"showFog":true,"showMaterialUpdate":false,"showSkybox":false,"showFlares":true,"showImageEffects":true,"showParticleSystems":true},"in2DMode":false,"pivot":{"x":-8.659420013427735,"y":1.4226436614990235,"z":-21.62276840209961},"rotation":{"x":0.07757249474525452,"y":0.8330444693565369,"z":-0.5343242883682251,"w":0.12100730836391449},"size":2.8291165828704836,"orthographic":false}