{"cameraMode":{"drawMode":0,"name":"Shaded","section":"Shading Mode"},"sceneLighting":false,"audioPlay":false,"sceneViewState":{"showFog":true,"showMaterialUpdate":false,"showSkybox":false,"showFlares":true,"showImageEffects":true,"showParticleSystems":true},"in2DMode":false,"pivot":{"x":-0.020943641662597657,"y":0.796999990940094,"z":0.6236000061035156},"rotation":{"x":0.07991781085729599,"y":-0.9124212861061096,"z":0.21488133072853089,"w":0.33912840485572817},"size":1.1431540250778199,"orthographic":false}